{"cameraMode":{"drawMode":0,"name":"Shaded","section":"Shading Mode"},"sceneLighting":true,"audioPlay":false,"sceneViewState":{"showFog":true,"showMaterialUpdate":false,"showSkybox":true,"showFlares":true,"showImageEffects":true,"showParticleSystems":true},"in2DMode":false,"pivot":{"x":131.32786560058595,"y":-49.195274353027347,"z":129.09657287597657},"rotation":{"x":-0.3116123080253601,"y":-0.008596542291343212,"z":0.002996142255142331,"w":-0.9504638910293579},"size":135.08702087402345,"orthographic":false}