{"cameraMode":{"drawMode":0,"name":"Shaded","section":"Shading Mode"},"sceneLighting":true,"audioPlay":false,"sceneViewState":{"showFog":true,"showMaterialUpdate":false,"showSkybox":true,"showFlares":true,"showImageEffects":true,"showParticleSystems":true},"in2DMode":false,"pivot":{"x":323.3122863769531,"y":-12.527549743652344,"z":47.55022430419922},"rotation":{"x":-0.05605531111359596,"y":-0.6334764957427979,"z":0.04560315981507301,"w":-0.7706335783004761},"size":109.6735610961914,"orthographic":false}