{"cameraMode":{"drawMode":0,"name":"Shaded","section":"Shading Mode"},"sceneLighting":true,"audioPlay":false,"sceneViewState":{"showFog":true,"showMaterialUpdate":false,"showSkybox":true,"showFlares":true,"showImageEffects":true,"showParticleSystems":true},"in2DMode":false,"pivot":{"x":224.8032684326172,"y":300.3466796875,"z":-127.75714111328125},"rotation":{"x":-0.33325526118278506,"y":0.1018071323633194,"z":-0.03865455090999603,"w":-0.9368889927864075},"size":2.080864906311035,"orthographic":false}