{"cameraMode":{"drawMode":0,"name":"Shaded","section":"Shading Mode"},"sceneLighting":true,"audioPlay":false,"sceneViewState":{"showFog":true,"showMaterialUpdate":false,"showSkybox":true,"showFlares":true,"showImageEffects":true,"showParticleSystems":true},"in2DMode":false,"pivot":{"x":605.3361206054688,"y":305.1043395996094,"z":-265.8382568359375},"rotation":{"x":0.04051024466753006,"y":0.0026414068415760996,"z":-0.0020375477615743877,"w":-0.9995163679122925},"size":2.080864906311035,"orthographic":false}