{"cameraMode":{"drawMode":0,"name":"Shaded","section":"Shading Mode"},"sceneLighting":true,"audioPlay":false,"sceneViewState":{"showFog":true,"showMaterialUpdate":false,"showSkybox":true,"showFlares":true,"showImageEffects":true,"showParticleSystems":true},"in2DMode":false,"pivot":{"x":107.1751708984375,"y":4.5870537757873539,"z":235.7211151123047},"rotation":{"x":-0.005517106037586927,"y":-0.6460264325141907,"z":0.0055779945105314259,"w":-0.7636997699737549},"size":0.6794966459274292,"orthographic":false}