{"cameraMode":{"drawMode":0,"name":"Shaded","section":"Shading Mode"},"sceneLighting":true,"audioPlay":false,"sceneViewState":{"showFog":true,"showMaterialUpdate":false,"showSkybox":true,"showFlares":true,"showImageEffects":true,"showParticleSystems":true},"in2DMode":false,"pivot":{"x":652.7509765625,"y":-10.449530601501465,"z":437.0527038574219},"rotation":{"x":-0.028197072446346284,"y":-0.7070668935775757,"z":0.026954833418130876,"w":-0.7064420580863953},"size":123.15724182128906,"orthographic":false}