{"cameraMode":{"drawMode":0,"name":"Shaded","section":"Shading Mode"},"sceneLighting":true,"audioPlay":false,"sceneViewState":{"showFog":true,"showMaterialUpdate":false,"showSkybox":true,"showFlares":true,"showImageEffects":true,"showParticleSystems":true},"in2DMode":false,"pivot":{"x":-24.50809097290039,"y":8.988219261169434,"z":25.426259994506837},"rotation":{"x":0.07806675881147385,"y":-0.8065482378005981,"z":-0.10927519202232361,"w":-0.5758828520774841},"size":3.4541215896606447,"orthographic":false}